<?xml version="1.0" encoding="GBK"?>
<!DOCTYPE hibernate-mapping PUBLIC "-//Hibernate/Hibernate Mapping DTD 3.0//EN"
"http://hibernate.sourceforge.net/hibernate-mapping-3.0.dtd">
<hibernate-mapping>
<class name="data.model.users" table="users">
<id name="id">
            <column name="id"/>
            <generator class="native" />
        </id>
        <property name="userName">
            <column name="userName" length="50" />
        </property>
         <property name="userPass">
            <column name="userPass" length="50" />
        </property>
     </class>
</hibernate-mapping>